benchmark,scenario,size,mode,measurement_count,score_ns_per_op,reported_error_ns_per_op
BinarySearchBenchmark.search,MIDDLE,100,avgt,5,1.067,0.144
BinarySearchBenchmark.search,MIDDLE,1000,avgt,5,1.041,0.034
BinarySearchBenchmark.search,MIDDLE,10000,avgt,5,1.044,0.027
BinarySearchBenchmark.search,MIDDLE,100000,avgt,5,1.049,0.024
BinarySearchBenchmark.search,MIDDLE,1000000,avgt,5,1.050,0.064
BinarySearchBenchmark.search,LAST,100,avgt,5,9.539,0.823
BinarySearchBenchmark.search,LAST,1000,avgt,5,16.033,0.396
BinarySearchBenchmark.search,LAST,10000,avgt,5,25.087,4.264
BinarySearchBenchmark.search,LAST,100000,avgt,5,30.169,1.930
BinarySearchBenchmark.search,LAST,1000000,avgt,5,36.672,4.698
BinarySearchBenchmark.search,ABSENT,100,avgt,5,6.854,5.328
BinarySearchBenchmark.search,ABSENT,1000,avgt,5,9.777,1.295
BinarySearchBenchmark.search,ABSENT,10000,avgt,5,14.629,0.579
BinarySearchBenchmark.search,ABSENT,100000,avgt,5,18.565,0.414
BinarySearchBenchmark.search,ABSENT,1000000,avgt,5,25.181,14.063
BinarySearchVariantsBenchmark.iterativeSearch,MIDDLE,100,avgt,5,1.032,0.049
BinarySearchVariantsBenchmark.iterativeSearch,MIDDLE,1000,avgt,5,1.034,0.042
BinarySearchVariantsBenchmark.iterativeSearch,MIDDLE,10000,avgt,5,1.033,0.070
BinarySearchVariantsBenchmark.iterativeSearch,MIDDLE,100000,avgt,5,1.053,0.121
BinarySearchVariantsBenchmark.iterativeSearch,MIDDLE,1000000,avgt,5,1.026,0.036
BinarySearchVariantsBenchmark.iterativeSearch,LAST,100,avgt,5,9.236,0.154
BinarySearchVariantsBenchmark.iterativeSearch,LAST,1000,avgt,5,15.776,0.280
BinarySearchVariantsBenchmark.iterativeSearch,LAST,10000,avgt,5,23.875,0.387
BinarySearchVariantsBenchmark.iterativeSearch,LAST,100000,avgt,5,29.892,0.682
BinarySearchVariantsBenchmark.iterativeSearch,LAST,1000000,avgt,5,36.159,0.871
BinarySearchVariantsBenchmark.iterativeSearch,ABSENT,100,avgt,5,6.044,0.265
BinarySearchVariantsBenchmark.iterativeSearch,ABSENT,1000,avgt,5,9.674,1.797
BinarySearchVariantsBenchmark.iterativeSearch,ABSENT,10000,avgt,5,16.311,1.201
BinarySearchVariantsBenchmark.iterativeSearch,ABSENT,100000,avgt,5,18.579,0.466
BinarySearchVariantsBenchmark.iterativeSearch,ABSENT,1000000,avgt,5,23.642,2.798
BinarySearchVariantsBenchmark.recursiveSearch,MIDDLE,100,avgt,5,1.169,0.429
BinarySearchVariantsBenchmark.recursiveSearch,MIDDLE,1000,avgt,5,5.731,8.711
BinarySearchVariantsBenchmark.recursiveSearch,MIDDLE,10000,avgt,5,4.108,14.074
BinarySearchVariantsBenchmark.recursiveSearch,MIDDLE,100000,avgt,5,1.277,0.652
BinarySearchVariantsBenchmark.recursiveSearch,MIDDLE,1000000,avgt,5,1.137,0.215
BinarySearchVariantsBenchmark.recursiveSearch,LAST,100,avgt,5,12.661,0.784
BinarySearchVariantsBenchmark.recursiveSearch,LAST,1000,avgt,5,18.232,0.571
BinarySearchVariantsBenchmark.recursiveSearch,LAST,10000,avgt,5,27.796,0.371
BinarySearchVariantsBenchmark.recursiveSearch,LAST,100000,avgt,5,35.762,2.226
BinarySearchVariantsBenchmark.recursiveSearch,LAST,1000000,avgt,5,43.996,3.979
BinarySearchVariantsBenchmark.recursiveSearch,ABSENT,100,avgt,5,16.497,56.286
BinarySearchVariantsBenchmark.recursiveSearch,ABSENT,1000,avgt,5,14.751,2.617
BinarySearchVariantsBenchmark.recursiveSearch,ABSENT,10000,avgt,5,24.470,11.091
BinarySearchVariantsBenchmark.recursiveSearch,ABSENT,100000,avgt,5,37.500,12.606
BinarySearchVariantsBenchmark.recursiveSearch,ABSENT,1000000,avgt,5,66.355,116.612
LinearSearchBenchmark.search,FIRST,100,avgt,5,5.518,9.074
LinearSearchBenchmark.search,FIRST,1000,avgt,5,1.541,2.262
LinearSearchBenchmark.search,FIRST,10000,avgt,5,7.170,45.450
LinearSearchBenchmark.search,FIRST,100000,avgt,5,1.330,0.556
LinearSearchBenchmark.search,FIRST,1000000,avgt,5,1.192,0.912
LinearSearchBenchmark.search,MIDDLE,100,avgt,5,16.039,23.802
LinearSearchBenchmark.search,MIDDLE,1000,avgt,5,120.998,53.440
LinearSearchBenchmark.search,MIDDLE,10000,avgt,5,1069.997,1242.053
LinearSearchBenchmark.search,MIDDLE,100000,avgt,5,9666.002,6997.714
LinearSearchBenchmark.search,MIDDLE,1000000,avgt,5,111668.343,106955.736
LinearSearchBenchmark.search,LAST,100,avgt,5,21.865,16.310
LinearSearchBenchmark.search,LAST,1000,avgt,5,240.334,158.998
LinearSearchBenchmark.search,LAST,10000,avgt,5,1951.861,931.841
LinearSearchBenchmark.search,LAST,100000,avgt,5,19051.110,12729.013
LinearSearchBenchmark.search,LAST,1000000,avgt,5,239040.976,192867.402
LinearSearchBenchmark.search,ABSENT,100,avgt,5,23.987,22.751
LinearSearchBenchmark.search,ABSENT,1000,avgt,5,206.873,188.599
LinearSearchBenchmark.search,ABSENT,10000,avgt,5,2068.701,1429.121
LinearSearchBenchmark.search,ABSENT,100000,avgt,5,20784.688,19720.210
LinearSearchBenchmark.search,ABSENT,1000000,avgt,5,253917.128,223768.756
