benchmark,scenario,size,mode,score_ns_per_op,reported_error_ns_per_op,measurement_count,source_path,source_snapshot_commit
ArrayAggregationBenchmark.sum,DEFAULT,100,avgt,19.046,,,src/jmh/java/org/anaalvarezdev/algorithms/arrays/ArrayAggregationBenchmark.java,e3339243913402d0b84559be121b2184643a7fca
ArrayAggregationBenchmark.sum,DEFAULT,1000,avgt,249.818,,,src/jmh/java/org/anaalvarezdev/algorithms/arrays/ArrayAggregationBenchmark.java,e3339243913402d0b84559be121b2184643a7fca
ArrayAggregationBenchmark.sum,DEFAULT,10000,avgt,2541.590,,,src/jmh/java/org/anaalvarezdev/algorithms/arrays/ArrayAggregationBenchmark.java,e3339243913402d0b84559be121b2184643a7fca
ArrayAggregationBenchmark.sum,DEFAULT,100000,avgt,25949.628,,,src/jmh/java/org/anaalvarezdev/algorithms/arrays/ArrayAggregationBenchmark.java,e3339243913402d0b84559be121b2184643a7fca
ArrayAggregationBenchmark.sum,DEFAULT,1000000,avgt,277151.221,,,src/jmh/java/org/anaalvarezdev/algorithms/arrays/ArrayAggregationBenchmark.java,e3339243913402d0b84559be121b2184643a7fca
ArrayCopyBenchmark.manualCopy,DEFAULT,100,avgt,88.565,,,src/jmh/java/org/anaalvarezdev/algorithms/arrays/ArrayCopyBenchmark.java,e3339243913402d0b84559be121b2184643a7fca
ArrayCopyBenchmark.systemArrayCopy,DEFAULT,100,avgt,83.355,,,src/jmh/java/org/anaalvarezdev/algorithms/arrays/ArrayCopyBenchmark.java,e3339243913402d0b84559be121b2184643a7fca
ArrayCopyBenchmark.manualCopy,DEFAULT,1000,avgt,1007.289,,,src/jmh/java/org/anaalvarezdev/algorithms/arrays/ArrayCopyBenchmark.java,e3339243913402d0b84559be121b2184643a7fca
ArrayCopyBenchmark.systemArrayCopy,DEFAULT,1000,avgt,786.623,,,src/jmh/java/org/anaalvarezdev/algorithms/arrays/ArrayCopyBenchmark.java,e3339243913402d0b84559be121b2184643a7fca
ArrayCopyBenchmark.manualCopy,DEFAULT,10000,avgt,8622.099,,,src/jmh/java/org/anaalvarezdev/algorithms/arrays/ArrayCopyBenchmark.java,e3339243913402d0b84559be121b2184643a7fca
ArrayCopyBenchmark.systemArrayCopy,DEFAULT,10000,avgt,7866.158,,,src/jmh/java/org/anaalvarezdev/algorithms/arrays/ArrayCopyBenchmark.java,e3339243913402d0b84559be121b2184643a7fca
ArrayCopyBenchmark.manualCopy,DEFAULT,100000,avgt,83562.646,,,src/jmh/java/org/anaalvarezdev/algorithms/arrays/ArrayCopyBenchmark.java,e3339243913402d0b84559be121b2184643a7fca
ArrayCopyBenchmark.systemArrayCopy,DEFAULT,100000,avgt,77332.065,,,src/jmh/java/org/anaalvarezdev/algorithms/arrays/ArrayCopyBenchmark.java,e3339243913402d0b84559be121b2184643a7fca
ArrayCopyBenchmark.manualCopy,DEFAULT,1000000,avgt,1994178.554,,,src/jmh/java/org/anaalvarezdev/algorithms/arrays/ArrayCopyBenchmark.java,e3339243913402d0b84559be121b2184643a7fca
ArrayCopyBenchmark.systemArrayCopy,DEFAULT,1000000,avgt,1210007.886,,,src/jmh/java/org/anaalvarezdev/algorithms/arrays/ArrayCopyBenchmark.java,e3339243913402d0b84559be121b2184643a7fca
ArrayReverseBenchmark.reverse,DEFAULT,100,avgt,33.419,,,src/jmh/java/org/anaalvarezdev/algorithms/arrays/ArrayReverseBenchmark.java,e3339243913402d0b84559be121b2184643a7fca
ArrayReverseBenchmark.reverse,DEFAULT,1000,avgt,311.847,,,src/jmh/java/org/anaalvarezdev/algorithms/arrays/ArrayReverseBenchmark.java,e3339243913402d0b84559be121b2184643a7fca
ArrayReverseBenchmark.reverse,DEFAULT,10000,avgt,3033.378,,,src/jmh/java/org/anaalvarezdev/algorithms/arrays/ArrayReverseBenchmark.java,e3339243913402d0b84559be121b2184643a7fca
ArrayReverseBenchmark.reverse,DEFAULT,100000,avgt,30893.113,,,src/jmh/java/org/anaalvarezdev/algorithms/arrays/ArrayReverseBenchmark.java,e3339243913402d0b84559be121b2184643a7fca
ArrayReverseBenchmark.reverse,DEFAULT,1000000,avgt,337446.045,,,src/jmh/java/org/anaalvarezdev/algorithms/arrays/ArrayReverseBenchmark.java,e3339243913402d0b84559be121b2184643a7fca
ArrayTraversalBenchmark.traverse,DEFAULT,100,avgt,15.348,,,src/jmh/java/org/anaalvarezdev/algorithms/arrays/ArrayTraversalBenchmark.java,e3339243913402d0b84559be121b2184643a7fca
ArrayTraversalBenchmark.traverse,DEFAULT,1000,avgt,136.340,,,src/jmh/java/org/anaalvarezdev/algorithms/arrays/ArrayTraversalBenchmark.java,e3339243913402d0b84559be121b2184643a7fca
ArrayTraversalBenchmark.traverse,DEFAULT,10000,avgt,1309.764,,,src/jmh/java/org/anaalvarezdev/algorithms/arrays/ArrayTraversalBenchmark.java,e3339243913402d0b84559be121b2184643a7fca
ArrayTraversalBenchmark.traverse,DEFAULT,100000,avgt,14253.154,,,src/jmh/java/org/anaalvarezdev/algorithms/arrays/ArrayTraversalBenchmark.java,e3339243913402d0b84559be121b2184643a7fca
ArrayTraversalBenchmark.traverse,DEFAULT,1000000,avgt,173251.665,,,src/jmh/java/org/anaalvarezdev/algorithms/arrays/ArrayTraversalBenchmark.java,e3339243913402d0b84559be121b2184643a7fca
DeleteAtIndexBenchmark.delete,BEGINNING,100,avgt,43.498,,,src/jmh/java/org/anaalvarezdev/algorithms/arrays/DeleteAtIndexBenchmark.java,e3339243913402d0b84559be121b2184643a7fca
DeleteAtIndexBenchmark.delete,BEGINNING,1000,avgt,305.321,,,src/jmh/java/org/anaalvarezdev/algorithms/arrays/DeleteAtIndexBenchmark.java,e3339243913402d0b84559be121b2184643a7fca
DeleteAtIndexBenchmark.delete,BEGINNING,10000,avgt,2761.476,,,src/jmh/java/org/anaalvarezdev/algorithms/arrays/DeleteAtIndexBenchmark.java,e3339243913402d0b84559be121b2184643a7fca
DeleteAtIndexBenchmark.delete,BEGINNING,100000,avgt,33740.729,,,src/jmh/java/org/anaalvarezdev/algorithms/arrays/DeleteAtIndexBenchmark.java,e3339243913402d0b84559be121b2184643a7fca
DeleteAtIndexBenchmark.delete,BEGINNING,1000000,avgt,694656.039,,,src/jmh/java/org/anaalvarezdev/algorithms/arrays/DeleteAtIndexBenchmark.java,e3339243913402d0b84559be121b2184643a7fca
DeleteAtIndexBenchmark.delete,MIDDLE,100,avgt,19.933,,,src/jmh/java/org/anaalvarezdev/algorithms/arrays/DeleteAtIndexBenchmark.java,e3339243913402d0b84559be121b2184643a7fca
DeleteAtIndexBenchmark.delete,MIDDLE,1000,avgt,165.240,,,src/jmh/java/org/anaalvarezdev/algorithms/arrays/DeleteAtIndexBenchmark.java,e3339243913402d0b84559be121b2184643a7fca
DeleteAtIndexBenchmark.delete,MIDDLE,10000,avgt,1284.753,,,src/jmh/java/org/anaalvarezdev/algorithms/arrays/DeleteAtIndexBenchmark.java,e3339243913402d0b84559be121b2184643a7fca
DeleteAtIndexBenchmark.delete,MIDDLE,100000,avgt,16469.113,,,src/jmh/java/org/anaalvarezdev/algorithms/arrays/DeleteAtIndexBenchmark.java,e3339243913402d0b84559be121b2184643a7fca
DeleteAtIndexBenchmark.delete,MIDDLE,1000000,avgt,189389.996,,,src/jmh/java/org/anaalvarezdev/algorithms/arrays/DeleteAtIndexBenchmark.java,e3339243913402d0b84559be121b2184643a7fca
DeleteAtIndexBenchmark.delete,END,100,avgt,1.642,,,src/jmh/java/org/anaalvarezdev/algorithms/arrays/DeleteAtIndexBenchmark.java,e3339243913402d0b84559be121b2184643a7fca
DeleteAtIndexBenchmark.delete,END,1000,avgt,1.412,,,src/jmh/java/org/anaalvarezdev/algorithms/arrays/DeleteAtIndexBenchmark.java,e3339243913402d0b84559be121b2184643a7fca
DeleteAtIndexBenchmark.delete,END,10000,avgt,1.589,,,src/jmh/java/org/anaalvarezdev/algorithms/arrays/DeleteAtIndexBenchmark.java,e3339243913402d0b84559be121b2184643a7fca
DeleteAtIndexBenchmark.delete,END,100000,avgt,1.616,,,src/jmh/java/org/anaalvarezdev/algorithms/arrays/DeleteAtIndexBenchmark.java,e3339243913402d0b84559be121b2184643a7fca
DeleteAtIndexBenchmark.delete,END,1000000,avgt,1.391,,,src/jmh/java/org/anaalvarezdev/algorithms/arrays/DeleteAtIndexBenchmark.java,e3339243913402d0b84559be121b2184643a7fca
FindMaximumBenchmark.findMaximum,DEFAULT,100,avgt,21.098,,,src/jmh/java/org/anaalvarezdev/algorithms/arrays/FindMaximumBenchmark.java,e3339243913402d0b84559be121b2184643a7fca
FindMaximumBenchmark.findMaximum,DEFAULT,1000,avgt,263.930,,,src/jmh/java/org/anaalvarezdev/algorithms/arrays/FindMaximumBenchmark.java,e3339243913402d0b84559be121b2184643a7fca
FindMaximumBenchmark.findMaximum,DEFAULT,10000,avgt,3664.318,,,src/jmh/java/org/anaalvarezdev/algorithms/arrays/FindMaximumBenchmark.java,e3339243913402d0b84559be121b2184643a7fca
FindMaximumBenchmark.findMaximum,DEFAULT,100000,avgt,28632.177,,,src/jmh/java/org/anaalvarezdev/algorithms/arrays/FindMaximumBenchmark.java,e3339243913402d0b84559be121b2184643a7fca
FindMaximumBenchmark.findMaximum,DEFAULT,1000000,avgt,267564.949,,,src/jmh/java/org/anaalvarezdev/algorithms/arrays/FindMaximumBenchmark.java,e3339243913402d0b84559be121b2184643a7fca
FindMinimumAndMaximumBenchmark.pairwiseStrategy,DEFAULT,100,avgt,35.124,,,src/jmh/java/org/anaalvarezdev/algorithms/arrays/FindMinimumAndMaximumBenchmark.java,e3339243913402d0b84559be121b2184643a7fca
FindMinimumAndMaximumBenchmark.separatePasses,DEFAULT,100,avgt,45.098,,,src/jmh/java/org/anaalvarezdev/algorithms/arrays/FindMinimumAndMaximumBenchmark.java,e3339243913402d0b84559be121b2184643a7fca
FindMinimumAndMaximumBenchmark.pairwiseStrategy,DEFAULT,1000,avgt,407.223,,,src/jmh/java/org/anaalvarezdev/algorithms/arrays/FindMinimumAndMaximumBenchmark.java,e3339243913402d0b84559be121b2184643a7fca
FindMinimumAndMaximumBenchmark.separatePasses,DEFAULT,1000,avgt,389.591,,,src/jmh/java/org/anaalvarezdev/algorithms/arrays/FindMinimumAndMaximumBenchmark.java,e3339243913402d0b84559be121b2184643a7fca
FindMinimumAndMaximumBenchmark.pairwiseStrategy,DEFAULT,10000,avgt,4236.359,,,src/jmh/java/org/anaalvarezdev/algorithms/arrays/FindMinimumAndMaximumBenchmark.java,e3339243913402d0b84559be121b2184643a7fca
FindMinimumAndMaximumBenchmark.separatePasses,DEFAULT,10000,avgt,3554.124,,,src/jmh/java/org/anaalvarezdev/algorithms/arrays/FindMinimumAndMaximumBenchmark.java,e3339243913402d0b84559be121b2184643a7fca
FindMinimumAndMaximumBenchmark.pairwiseStrategy,DEFAULT,100000,avgt,181296.459,,,src/jmh/java/org/anaalvarezdev/algorithms/arrays/FindMinimumAndMaximumBenchmark.java,e3339243913402d0b84559be121b2184643a7fca
FindMinimumAndMaximumBenchmark.separatePasses,DEFAULT,100000,avgt,34087.864,,,src/jmh/java/org/anaalvarezdev/algorithms/arrays/FindMinimumAndMaximumBenchmark.java,e3339243913402d0b84559be121b2184643a7fca
FindMinimumAndMaximumBenchmark.pairwiseStrategy,DEFAULT,1000000,avgt,1915624.640,,,src/jmh/java/org/anaalvarezdev/algorithms/arrays/FindMinimumAndMaximumBenchmark.java,e3339243913402d0b84559be121b2184643a7fca
FindMinimumAndMaximumBenchmark.separatePasses,DEFAULT,1000000,avgt,493124.143,,,src/jmh/java/org/anaalvarezdev/algorithms/arrays/FindMinimumAndMaximumBenchmark.java,e3339243913402d0b84559be121b2184643a7fca
FindMinimumBenchmark.findMinimum,DEFAULT,100,avgt,22.303,,,src/jmh/java/org/anaalvarezdev/algorithms/arrays/FindMinimumBenchmark.java,e3339243913402d0b84559be121b2184643a7fca
FindMinimumBenchmark.findMinimum,DEFAULT,1000,avgt,167.196,,,src/jmh/java/org/anaalvarezdev/algorithms/arrays/FindMinimumBenchmark.java,e3339243913402d0b84559be121b2184643a7fca
FindMinimumBenchmark.findMinimum,DEFAULT,10000,avgt,1648.084,,,src/jmh/java/org/anaalvarezdev/algorithms/arrays/FindMinimumBenchmark.java,e3339243913402d0b84559be121b2184643a7fca
FindMinimumBenchmark.findMinimum,DEFAULT,100000,avgt,15208.461,,,src/jmh/java/org/anaalvarezdev/algorithms/arrays/FindMinimumBenchmark.java,e3339243913402d0b84559be121b2184643a7fca
FindMinimumBenchmark.findMinimum,DEFAULT,1000000,avgt,169009.064,,,src/jmh/java/org/anaalvarezdev/algorithms/arrays/FindMinimumBenchmark.java,e3339243913402d0b84559be121b2184643a7fca
InsertAtIndexBenchmark.insert,BEGINNING,100,avgt,25.393,,,src/jmh/java/org/anaalvarezdev/algorithms/arrays/InsertAtIndexBenchmark.java,e3339243913402d0b84559be121b2184643a7fca
InsertAtIndexBenchmark.insert,BEGINNING,1000,avgt,221.594,,,src/jmh/java/org/anaalvarezdev/algorithms/arrays/InsertAtIndexBenchmark.java,e3339243913402d0b84559be121b2184643a7fca
InsertAtIndexBenchmark.insert,BEGINNING,10000,avgt,2883.733,,,src/jmh/java/org/anaalvarezdev/algorithms/arrays/InsertAtIndexBenchmark.java,e3339243913402d0b84559be121b2184643a7fca
InsertAtIndexBenchmark.insert,BEGINNING,100000,avgt,24383.244,,,src/jmh/java/org/anaalvarezdev/algorithms/arrays/InsertAtIndexBenchmark.java,e3339243913402d0b84559be121b2184643a7fca
InsertAtIndexBenchmark.insert,BEGINNING,1000000,avgt,321372.055,,,src/jmh/java/org/anaalvarezdev/algorithms/arrays/InsertAtIndexBenchmark.java,e3339243913402d0b84559be121b2184643a7fca
InsertAtIndexBenchmark.insert,MIDDLE,100,avgt,14.225,,,src/jmh/java/org/anaalvarezdev/algorithms/arrays/InsertAtIndexBenchmark.java,e3339243913402d0b84559be121b2184643a7fca
InsertAtIndexBenchmark.insert,MIDDLE,1000,avgt,113.906,,,src/jmh/java/org/anaalvarezdev/algorithms/arrays/InsertAtIndexBenchmark.java,e3339243913402d0b84559be121b2184643a7fca
InsertAtIndexBenchmark.insert,MIDDLE,10000,avgt,1116.847,,,src/jmh/java/org/anaalvarezdev/algorithms/arrays/InsertAtIndexBenchmark.java,e3339243913402d0b84559be121b2184643a7fca
InsertAtIndexBenchmark.insert,MIDDLE,100000,avgt,12042.948,,,src/jmh/java/org/anaalvarezdev/algorithms/arrays/InsertAtIndexBenchmark.java,e3339243913402d0b84559be121b2184643a7fca
InsertAtIndexBenchmark.insert,MIDDLE,1000000,avgt,134187.915,,,src/jmh/java/org/anaalvarezdev/algorithms/arrays/InsertAtIndexBenchmark.java,e3339243913402d0b84559be121b2184643a7fca
InsertAtIndexBenchmark.insert,END,100,avgt,258.638,,,src/jmh/java/org/anaalvarezdev/algorithms/arrays/InsertAtIndexBenchmark.java,e3339243913402d0b84559be121b2184643a7fca
InsertAtIndexBenchmark.insert,END,1000,avgt,2.684,,,src/jmh/java/org/anaalvarezdev/algorithms/arrays/InsertAtIndexBenchmark.java,e3339243913402d0b84559be121b2184643a7fca
InsertAtIndexBenchmark.insert,END,10000,avgt,1.742,,,src/jmh/java/org/anaalvarezdev/algorithms/arrays/InsertAtIndexBenchmark.java,e3339243913402d0b84559be121b2184643a7fca
InsertAtIndexBenchmark.insert,END,100000,avgt,1.583,,,src/jmh/java/org/anaalvarezdev/algorithms/arrays/InsertAtIndexBenchmark.java,e3339243913402d0b84559be121b2184643a7fca
InsertAtIndexBenchmark.insert,END,1000000,avgt,1.838,,,src/jmh/java/org/anaalvarezdev/algorithms/arrays/InsertAtIndexBenchmark.java,e3339243913402d0b84559be121b2184643a7fca
PrefixSumBenchmark.buildPrefix,DEFAULT,100,avgt,227.298,,,src/jmh/java/org/anaalvarezdev/algorithms/arrays/PrefixSumBenchmark.java,e3339243913402d0b84559be121b2184643a7fca
PrefixSumBenchmark.directRangeQuery,DEFAULT,100,avgt,1.385,,,src/jmh/java/org/anaalvarezdev/algorithms/arrays/PrefixSumBenchmark.java,e3339243913402d0b84559be121b2184643a7fca
PrefixSumBenchmark.prefixRangeQuery,DEFAULT,100,avgt,1.890,,,src/jmh/java/org/anaalvarezdev/algorithms/arrays/PrefixSumBenchmark.java,e3339243913402d0b84559be121b2184643a7fca
PrefixSumBenchmark.buildPrefix,DEFAULT,1000,avgt,2253.308,,,src/jmh/java/org/anaalvarezdev/algorithms/arrays/PrefixSumBenchmark.java,e3339243913402d0b84559be121b2184643a7fca
PrefixSumBenchmark.directRangeQuery,DEFAULT,1000,avgt,68.508,,,src/jmh/java/org/anaalvarezdev/algorithms/arrays/PrefixSumBenchmark.java,e3339243913402d0b84559be121b2184643a7fca
PrefixSumBenchmark.prefixRangeQuery,DEFAULT,1000,avgt,1.627,,,src/jmh/java/org/anaalvarezdev/algorithms/arrays/PrefixSumBenchmark.java,e3339243913402d0b84559be121b2184643a7fca
PrefixSumBenchmark.buildPrefix,DEFAULT,10000,avgt,19826.184,,,src/jmh/java/org/anaalvarezdev/algorithms/arrays/PrefixSumBenchmark.java,e3339243913402d0b84559be121b2184643a7fca
PrefixSumBenchmark.directRangeQuery,DEFAULT,10000,avgt,648.226,,,src/jmh/java/org/anaalvarezdev/algorithms/arrays/PrefixSumBenchmark.java,e3339243913402d0b84559be121b2184643a7fca
PrefixSumBenchmark.prefixRangeQuery,DEFAULT,10000,avgt,1.816,,,src/jmh/java/org/anaalvarezdev/algorithms/arrays/PrefixSumBenchmark.java,e3339243913402d0b84559be121b2184643a7fca
PrefixSumBenchmark.buildPrefix,DEFAULT,100000,avgt,193249.154,,,src/jmh/java/org/anaalvarezdev/algorithms/arrays/PrefixSumBenchmark.java,e3339243913402d0b84559be121b2184643a7fca
PrefixSumBenchmark.directRangeQuery,DEFAULT,100000,avgt,11748.563,,,src/jmh/java/org/anaalvarezdev/algorithms/arrays/PrefixSumBenchmark.java,e3339243913402d0b84559be121b2184643a7fca
PrefixSumBenchmark.prefixRangeQuery,DEFAULT,100000,avgt,1.615,,,src/jmh/java/org/anaalvarezdev/algorithms/arrays/PrefixSumBenchmark.java,e3339243913402d0b84559be121b2184643a7fca
PrefixSumBenchmark.buildPrefix,DEFAULT,1000000,avgt,3075827.204,,,src/jmh/java/org/anaalvarezdev/algorithms/arrays/PrefixSumBenchmark.java,e3339243913402d0b84559be121b2184643a7fca
PrefixSumBenchmark.directRangeQuery,DEFAULT,1000000,avgt,150525.519,,,src/jmh/java/org/anaalvarezdev/algorithms/arrays/PrefixSumBenchmark.java,e3339243913402d0b84559be121b2184643a7fca
PrefixSumBenchmark.prefixRangeQuery,DEFAULT,1000000,avgt,1.295,,,src/jmh/java/org/anaalvarezdev/algorithms/arrays/PrefixSumBenchmark.java,e3339243913402d0b84559be121b2184643a7fca
RemoveDuplicatesSortedBenchmark.removeDuplicates,UNIQUE,100,avgt,43.957,,,src/jmh/java/org/anaalvarezdev/algorithms/arrays/RemoveDuplicatesSortedBenchmark.java,e3339243913402d0b84559be121b2184643a7fca
RemoveDuplicatesSortedBenchmark.removeDuplicates,UNIQUE,1000,avgt,236.314,,,src/jmh/java/org/anaalvarezdev/algorithms/arrays/RemoveDuplicatesSortedBenchmark.java,e3339243913402d0b84559be121b2184643a7fca
RemoveDuplicatesSortedBenchmark.removeDuplicates,UNIQUE,10000,avgt,2243.352,,,src/jmh/java/org/anaalvarezdev/algorithms/arrays/RemoveDuplicatesSortedBenchmark.java,e3339243913402d0b84559be121b2184643a7fca
RemoveDuplicatesSortedBenchmark.removeDuplicates,UNIQUE,100000,avgt,21083.326,,,src/jmh/java/org/anaalvarezdev/algorithms/arrays/RemoveDuplicatesSortedBenchmark.java,e3339243913402d0b84559be121b2184643a7fca
RemoveDuplicatesSortedBenchmark.removeDuplicates,UNIQUE,1000000,avgt,541469.762,,,src/jmh/java/org/anaalvarezdev/algorithms/arrays/RemoveDuplicatesSortedBenchmark.java,e3339243913402d0b84559be121b2184643a7fca
RemoveDuplicatesSortedBenchmark.removeDuplicates,PAIRS,100,avgt,95.512,,,src/jmh/java/org/anaalvarezdev/algorithms/arrays/RemoveDuplicatesSortedBenchmark.java,e3339243913402d0b84559be121b2184643a7fca
RemoveDuplicatesSortedBenchmark.removeDuplicates,PAIRS,1000,avgt,977.375,,,src/jmh/java/org/anaalvarezdev/algorithms/arrays/RemoveDuplicatesSortedBenchmark.java,e3339243913402d0b84559be121b2184643a7fca
RemoveDuplicatesSortedBenchmark.removeDuplicates,PAIRS,10000,avgt,7117.656,,,src/jmh/java/org/anaalvarezdev/algorithms/arrays/RemoveDuplicatesSortedBenchmark.java,e3339243913402d0b84559be121b2184643a7fca
RemoveDuplicatesSortedBenchmark.removeDuplicates,PAIRS,100000,avgt,68918.998,,,src/jmh/java/org/anaalvarezdev/algorithms/arrays/RemoveDuplicatesSortedBenchmark.java,e3339243913402d0b84559be121b2184643a7fca
RemoveDuplicatesSortedBenchmark.removeDuplicates,PAIRS,1000000,avgt,924959.431,,,src/jmh/java/org/anaalvarezdev/algorithms/arrays/RemoveDuplicatesSortedBenchmark.java,e3339243913402d0b84559be121b2184643a7fca
RemoveDuplicatesSortedBenchmark.removeDuplicates,ALL_EQUAL,100,avgt,75.119,,,src/jmh/java/org/anaalvarezdev/algorithms/arrays/RemoveDuplicatesSortedBenchmark.java,e3339243913402d0b84559be121b2184643a7fca
RemoveDuplicatesSortedBenchmark.removeDuplicates,ALL_EQUAL,1000,avgt,303.528,,,src/jmh/java/org/anaalvarezdev/algorithms/arrays/RemoveDuplicatesSortedBenchmark.java,e3339243913402d0b84559be121b2184643a7fca
RemoveDuplicatesSortedBenchmark.removeDuplicates,ALL_EQUAL,10000,avgt,2614.715,,,src/jmh/java/org/anaalvarezdev/algorithms/arrays/RemoveDuplicatesSortedBenchmark.java,e3339243913402d0b84559be121b2184643a7fca
RemoveDuplicatesSortedBenchmark.removeDuplicates,ALL_EQUAL,100000,avgt,23933.981,,,src/jmh/java/org/anaalvarezdev/algorithms/arrays/RemoveDuplicatesSortedBenchmark.java,e3339243913402d0b84559be121b2184643a7fca
RemoveDuplicatesSortedBenchmark.removeDuplicates,ALL_EQUAL,1000000,avgt,637098.637,,,src/jmh/java/org/anaalvarezdev/algorithms/arrays/RemoveDuplicatesSortedBenchmark.java,e3339243913402d0b84559be121b2184643a7fca
